input,output
dalfampridine,4-aminopyridine
dalfampridine er,4-aminopyridine
a&d ex oint,a&d ex oint
abacavir sulfate-lamivudine,"abacavir,lamivudine"
abatacept,abatacept
verzenio,abemaciclib
abemaciclib,abemaciclib
abiraterone acetate,abiraterone
zytiga,abiraterone
absorbase ex oint,absorbase ex oint
acamprosate calcium,acamprosate
acarbose,acarbose
acebutolol hcl,acebutolol
acetaminophen,acetaminophen
acetaminophen er,acetaminophen
acetaminophen extra strength,acetaminophen
hm arthritis pain relief,acetaminophen
mapap arthritis pain,acetaminophen
tylenol,acetaminophen
tylenol arthritis pain,acetaminophen
tylenol cold/flu severe,acetaminophen
acetaminophen-caffeine,"acetaminophen,caffeine"
acetaminophen-codeine,"acetaminophen,codeine"
acetaminophen-codeine #3,"acetaminophen,codeine"
aspirin free pm,"acetaminophen,diphenhydramine"
diphenhydramine-apap,"acetaminophen,diphenhydramine"
diphenhydramine-apap (sleep),"acetaminophen,diphenhydramine"
tylenol pm,"acetaminophen,diphenhydramine"
acetazolamide,acetazolamide
acetazolamide er,acetazolamide
acetylcysteine,acetylcysteine
aclidinium bromide,aclidinium bromide
tudorza pressair,aclidinium bromide
acyclovir,acyclovir
adalimumab,adalimumab
humira pen,adalimumab
humira sc,adalimumab
adapalene,adapalene
albuterol,albuterol
albuterol in,albuterol
albuterol sulfate,albuterol
albuterol sulfate hfa,albuterol
albuterol sulfate hfa in,albuterol
albuterol sulfate in,albuterol
proair hfa,albuterol
proair hfa in,albuterol
proair respiclick,albuterol
ventolin hfa,albuterol
proventil hfa;ventolin hfa,albuterol
duo-neb,"albuterol,ipratropium"
alendronate sodium,alendronate
fosamax,alendronate
alendronate-cholecalciferol,"alendronate,vitamin d"
alfuzosin hcl er,alfuzosin
alfuzosin hcl,alfuzosin
uroxatral,alfuzosin
alirocumab,alirocumab
praluent,alirocumab
aliskiren fumarate,aliskiren
aliskiren-amlodipine,"aliskiren,amlodipine"
allopurinol,allopurinol
zyloprim,allopurinol
alogliptin benzoate,alogliptin
alpelisib,alpelisib
piqray,alpelisib
alpha-lipoic acid,alpha-lipoic acid
alpha1-proteinase inhibitor,alpha1-proteinase inhibitor
alphagan,brimonidine
alphagan p,brimonidine
alprazolam,alprazolam
ativan,alprazolam
xanax,alprazolam
alprostadil,alprostadil
alprostadil (vasodilator),alprostadil
alteplase,alteplase
alum sulfate-ca acetate,"aluminum sulphate,calcium acetate"
maalox max,"aluminium hydroxide,magnesium hydroxide,simethicone"
maalox,"aluminium hydroxide,magnesium hydroxide,simethicone"
aluminum chloride,aluminum chloride
aluminum & magnesium hydroxide,"aluminum hydroxide, magnesium hydroxide"
alum & mag hydroxide-simeth,"aluminum hydroxide, magnesium hydroxide,simethicone"
alum hydroxide-mag carbonate,"aluminum hydroxide,magnesium carbonate"
aluminum-magnesium-simethicone,"aluminum hydroxide,magnesium hydroxide,simethicone"
geri-lanta,"aluminum hydroxide,magnesium hydroxide,simethicone"
alyacen,"ethynil estradiol,norethindronee"
amantadine hcl,amantadine
gocovri,amantadine
ambenonium chloride,ambenonium
ambrisentan,ambrisentan
amerigel barrier ex,amerigel barrier ex
amiloride hcl,amiloride
amiloride-hydrochlorothiazide,"amiloride,hydrochlorothiazide"
amino acid infusion,amino acids
amino acids,amino acids
amino acids-protein hydrolys,amino acids
amiodarone hcl,amiodarone
pacerone,amiodarone
amitriptyline hcl,amitriptyline
elavil,amitriptyline
amlodipine benzoate,amlodipine
amlodipine besylate,amlodipine
norvasc,amlodipine
amlodipine-atorvastatin,"amlodipine,atorvastatin"
amlodipine besy-benazepril hcl,"amlodipine,benazepril"
amlodipine besylate-valsartan,"amlodipine,valsartan"
lac-hydrin,ammonium lactate
lac-hydrin five,ammonium lactate
ammonium lactate,ammonium lactate
amoxicillin,amoxicillin
amoxicillin-pot clavulanate,"amoxicillin,clavulanate"
adderall,"amphetamine,dextroamphetamine"
adderall xr,"amphetamine,dextroamphetamine"
amphetamine-dextroamphet er,"amphetamine,dextroamphetamine"
amphetamine-dextroamphetamine,"amphetamine,dextroamphetamine"
mydayis,"amphetamine,dextroamphetamine"
ampicillin,ampicillin
anastrozole,anastrozole
antacid,antacid
antacid liquid,antacid
cvs antacid,antacid
cvs antifungal ex,dermatological
apalutamide,apalutamide
apixaban,apixaban
eliquis,apixaban
eliquis dvt/pe starter pack,apixaban
apremilast,apremilast
otezla,apremilast
aprepitant,aprepitant
aquaphor,aquaphor
aquaphor ex oint,aquaphor ex oint
arformoterol tartrate,arformoterol
brovana,arformoterol
aricept,donepazil
arimidex,anastrozole
abilify,aripiprazole
aripiprazole,aripiprazole
aripiprazole lauroxil,aripiprazole
aristada,aripiprazole
armodafinil,armodafinil
arnicare arthritis,topical antiinflamatory
arnicare ex gel,topical antiinflamatory
artificial saliva,artificial saliva
artificial tear,artificial tear
artificial tear ointment,artificial tear
artificial tear solution,artificial tear
dextran 70-hypromellose,artificial tear
artificial tear op,artificial tears
artificial tear solution op,artificial tears
artificial tears,artificial tears
artificial tears op,artificial tears
refresh op,artificial tears
refresh optive advanced op,artificial tears
refresh optive advanced pf,artificial tears
refresh optive op,artificial tears
refresh optive pf op,artificial tears
refresh p.m. op oint,artificial tears
systane,artificial tears
systane complete,artificial tears
systane op,artificial tears
systane preservative free op,artificial tears
systane ultra,artificial tears
carboxymeth-glycerin-polysorb,artificial tears
carboxymethylcell-hypromellose,artificial tears
carboxymethylcellul-glycerin,artificial tears
carboxymethylcellulose sod pf,artificial tears
carboxymethylcellulose sod pf op,artificial tears
carboxymethylcellulose sodium,artificial tears
genteal op,artificial tears
genteal tears,artificial tears
lacri-lube op,artificial tears
natural balance tears,artificial tears
natural balance tears op,artificial tears
refresh tears,artificial tears
refresh tears op,artificial tears
sm artificial tears op,artificial tears
soothe xp op soln,artificial tears
liquifilm tears,artificial tears
refresh plus,artificial tears
systane balance,artificial tears
platelet_inhibitor,aspirin
platelet_inhibitor low strength,aspirin
ascorbic acid,ascorbic acid
ascorbic acid er,ascorbic acid
asenapine maleate,asenapine
aspirin,aspirin
aspirin adult low strength,aspirin
aspirin buf(cacarb-mgcarb-mgo),aspirin
aspirin ec,aspirin
aspirin ec low dose,aspirin
aspirin effervescent,aspirin
aspirin low dose,aspirin
aspirin low strength,aspirin
bayer aspirin,aspirin
bufferin low dose,aspirin
cvs aspirin adult low dose,aspirin
cvs aspirin child,aspirin
cvs aspirin ec,aspirin
eq aspirin adult low dose,aspirin
sm aspirin,aspirin
aspirin-acetaminophen-caffeine,"aspirin,acetaminophen,caffeine"
excedrin,"aspirin,acetaminophen,caffeine"
excedrin migraine,"aspirin,acetaminophen,caffeine"
excedrin tension headache,"aspirin,acetaminophen,caffeine"
aspirin-caffeine,"aspirin,caffeine"
aspirin-calcium carbonate,"aspirin,calcium carbonate"
aspirin-dipyridamole er,"aspirin,dipyridamole"
aspirin-dipyridamole,"aspirin,dipyridamole"
atenolol,atenolol
tenormin,atenolol
atenolol-chlorthalidone,"atenolol,chlorthalidone"
cvs athletes foot,topical antifungal
atomoxetine hcl,atomoxetine
atorvastatin calcium,atorvastatin
lipitor,atorvastatin
atovaquone,atovaquone
atrac-tain,atrac-tain
atropine sulfate,atropine
phenohytro,"atropine,hyoscyamine,scopolamine,phenobarbital"
auranofin,auranofin
aveeno skin relief body wash ex,dermatological
avenova,ophathalomological
ayr saline nasal na gel,ayr saline nasal na gel
azathioprine,azathioprine
azelaic acid,azelaic acid
azelastine hcl,azelastine
azelastine-fluticasone,"azelastine,fluticasone"
azilsartan medoxomil,azilsartan
azithromycin,azithromycin
zithromax,azithromycin
bacitracin,bacitracin
bacitracin zinc,bacitracin
bacitracin-neomycin-polymyxin,"bacitracin,neomycin,polymyxin"
bacitracin-polymyxin b,"bacitracin,polymyxin "
baclofen,baclofen
lioresal,baclofen
balmex adult care ex,balmex adult care ex
balmex ex,balmex ex
balsalazide disodium,balsalazide disodium
bath products,bath products
baza protect ex,baza protect ex
beano,alpha galactosidase
beclomethasone diprop hfa,beclomethasone
beclomethasone dipropionate,beclomethasone
qvar,beclomethasone
qvar in,beclomethasone
qvar redihaler,beclomethasone
beclomethasone diprop (nasal),beclomethasone
qnasl,beclomethasone
bee propolis,bee propolis
belatacept,belatacept
benazepril hcl,benazepril
benazepril-hydrochlorothiazide,"benazepril,hydrochlorothiazide"
benefiber,benefiber
bengay greaseless,bengay greaseless
bengay greaseless ex,bengay greaseless ex
bentyl,dicycloverine
cogentin,benzatropine
anbesol,benzocaine
benzocaine,benzocaine
benzocaine-menthol,"benzocaine,menthol"
benzonatate,benzonatate
benzoyl peroxide,benzoyl peroxide
benzoyl peroxide wash,benzoyl peroxide
benzoyl peroxide-cleanser,benzoyl peroxide
benzoyl peroxide-cleanser ex,benzoyl peroxide
benztropine mesylate,benztropine
betamethasone dipropionate,"clotrimazole,betamethasone"
betamethasone dipropionate aug,betamethasone
betamethasone valerate,betamethasone
betaxolol hcl,betaxolol
bethanechol chloride,bethanechol
urecholine,bethanechol
bicalutamide,bicalutamide
bictegravir-emtricitab-tenofov,"bictegravir,emtricitabine,tenofovir"
biktarvy,"bictegravir,emtricitabine,tenofovir"
bimatoprost,bimatoprost
lumigan,bimatoprost
binimetinib,binimetinib
biofreeze,biofreeze
biofreeze colorless,biofreeze colorless
biotene dry mouth gentle mt liqd,biotene dry mouth gentle mt liqd
biotene dry mouth mt,biotene dry mouth mt
biotene dry mouth mt liqd,biotene dry mouth mt liqd
biotene moisturizing mouth mt,biotene moisturizing mouth mt
biotin,biotin
biotin forte,biotin
ra biotin,biotin
bismuth tribromoph-petrolatum,"bismuth tribromoph,petrolatum"
bisoprolol fumarate,bisoprolol
bisoprolol-hydrochlorothiazide,"bisoprolol,hydrochlorothiazide"
boron,boron
brexpiprazole,brexpiprazole
rexulti,brexpiprazole
brimonidine tartrate,brimonidine
brimonidine tartrate op,brimonidine
brimonidine tartrate-timolol,"brimonidine,timolol"
combigan,"brimonidine,timolol"
azopt,brinzolamide
brinzolamide,brinzolamide
brinzolamide-brimonidine,"brinzolamide,brimonidine"
simbrinza,"brinzolamide,brimonidine"
brivaracetam,brivaracetam
briviact,brivaracetam
bromfenac sodium,bromfenac
prolensa,bromfenac
bromocriptine mesylate,bromocriptine
bromaline,"brompheniramine,pseudoephedrine"
brompheniramine-pseudoeph,"brompheniramine,pseudoephedrine"
budesonide,budesonide
budesonide in,budesonide
pulmicort flexhaler,budesonide
pulmicort in,budesonide
pulmicort,budesonide
budesonide-formoterol fumarate,"budesonide,formoterol"
symbicort,"budesonide,formoterol"
bumetanide,bumetanide
belbuca,buprenorphine
belbuca bu,buprenorphine
buprenorphine,buprenorphine
buprenorphine hcl,buprenorphine
sublocade,buprenorphine
buprenorphine hcl-naloxone hcl,"buprenorphine,naloxone"
suboxone,"buprenorphine,naloxone"
suboxone sl,"buprenorphine,naloxone"
zubsolv,"buprenorphine,naloxone"
bupropion hbr,bupropion
bupropion hbr er,bupropion
bupropion hcl,bupropion
bupropion hcl er,bupropion
wellbutrin,bupropion
bupropion hcl (smoking deter),bupropion
wellbutrin xl,bupropion
buspar,buspirone
buspirone hcl,buspirone
butalbital-acetaminophen,"butalbital,acetaminophen"
butalbital-apap-caffeine,"butalbital,acetaminophen,caffeine"
fioricet,"butalbital,acetaminophen,caffeine"
butalbital-asa-caff-codeine,"butalbital,acetaminophen,caffeine,codeine"
butalbital-aspirin-caffeine,"butalbital,aspirin,caffeine"
butalbital-apap-caff-cod,"butalbital,aspirin,caffeine,codeine"
butorphanol tartrate,butorphanol
cabazitaxel,cabazitaxel
cabergoline,cabergoline
cabozantinib s-malate,cabozantinib
calamine,calamine
calamine-zinc oxide,"calamine,zinc oxide"
calcipotriene,calcipotriene
calcipotriene-betameth diprop,"calcipotriene,betamethasone"
calcitonin,calcitonin
calcitonin (salmon),calcitonin
calcium,calcium
calcium carbonate,calcium
calcium citrate,calcium
calcium gluconate,calcium
calcium gummies,calcium
caltrate,calcium
caltrate minis plus minerals,calcium
cvs calcium,calcium
calcitrate,calcium
citrus calcium,calcium
oysco,calcium
oyster calcium,calcium
oyster shell,calcium
oyster shell calcium,calcium
viactiv,calcium
caltrate plus po,calcium
calcium acetate,calcium acetate
calcium acetate (phos binder),calcium acetate
calcium carbonate antacid,calcium carbonate
calcium-carb,calcium carbonate
ca carbonate-mag hydroxide,"calcium carbonate,magnesium hydroxide"
calcium hightency/vitamin d,calcium hightency/vitamin d
calciumlycarbophil,calcium polycarbophil
calcium polycarbophil,calcium polycarbophil
calcium soft chews,calcium soft chews
calcium citrate-mag-minerals,"calcium,magnesium"
calcium magnesium,"calcium,magnesium"
calcium-magnesium,"calcium,magnesium"
calcium-magnesium-vitamin d,"calcium,magnesium,vitamin d"
calcium-magnesium-vitamin d er,"calcium,magnesium,vitamin d"
calcium-magnesium-zinc,"calcium,magnesium,zinc"
cal-mag-zinc-d,"calcium,magnesium,zinc"
cal-mag-zinc,"calcium,magnesium,zinc,vitamin d"
calcium & vit d3,"calcium,vitamin d"
calcium + d,"calcium,vitamin d"
calcium + d3,"calcium,vitamin d"
calcium carb-cholecalciferol,"calcium,vitamin d"
calcium carbonate-vitamin d,"calcium,vitamin d"
calcium carbonate-vitamin d3,"calcium,vitamin d"
calcium citrate + d,"calcium,vitamin d"
calcium citrate + d3,"calcium,vitamin d"
calcium citrate-vitamin d,"calcium,vitamin d"
calcium citrate+d3,"calcium,vitamin d"
calcium plus vitamin d,"calcium,vitamin d"
calcium-d,"calcium,vitamin d"
calcium-vitamin d,"calcium,vitamin d"
calcium-vitamin d3,"calcium,vitamin d"
calcium/c/d,"calcium,vitamin d"
calcium/d3,"calcium,vitamin d"
calcium/vitamin d,"calcium,vitamin d"
calcium carbonate-vit d-min,"calcium,vitamin d"
calcium-phosphorus-vitamin d,"calcium,vitamin d"
calcium-vitamin d-vitamin k,"calcium,vitamin d"
calcium-vitamins c & d,"calcium,vitamin d"
liquid calcium with d3,"calcium,vitamin d"
oyster shell calcium + d,"calcium,vitamin d"
calmoseptine,calmoseptine
calmoseptine ex,calmoseptine ex
camphor-eucalyptus-menthol,camphor-eucalyptus-menthol
camphor-menthol,"camphor,menthol"
camphor-menthol-methyl sal,"camphor,menthol,methyl salycilate"
canagliflozin,canagliflozin
invokana,canagliflozin
candesartan cilexetil,candesartan
cannabidiol,cannabidiol
capecitabine,capecitabine
capsaicin,capsaicin
capsaicin arthritis relief ex,capsaicin arthritis relief ex
capsaicin ex,capsaicin ex
captopril,captopril
carbamazepine,carbamazepine
carbamazepine er,carbamazepine
carbamide peroxide,carbamide peroxide
carbidopa-levodopa,"carbidopa,levodopa"
carbidopa-levodopa er,"carbidopa,levodopa"
rytary,"carbidopa,levodopa"
sinemet,"carbidopa,levodopa"
carbidopa-levodopa-entacapone,"carbidopa,levodopa,entacapone"
carboplatin,carboplatin
carboplatin iv,carboplatin
paraplatin iv,carboplatin
cardura,doxazosin
vraylar,caripazine
cariprazine hcl,cariprazine
carisoprodol,carisoprodol
carteolol hcl,carteolol
carvedilol,carvedilol
carvedilol phosphate,carvedilol
carvedilol phosphate er,carvedilol
coreg,carvedilol
cefadroxil,cefadroxil
cefazolin ivpb,cefazolin
cefdinir,cefdinir
cefepime hcl,cefepime
cefepime ivpb,cefepime
maxipime,cefepime
cefixime,cefixime
cefpodoxime proxetil,cefpodoxime
cefprozil,cefprozil
ceftazidime,ceftazidime
rocephin iv,ceftriaxone
rocephin,ceftriaxone
ceftriaxone ivpb,ceftriaxone
ceftriaxone sodium,ceftriaxone
cefuroxime axetil,cefuroxime
celebrex,celecoxib
celecoxib,celecoxib
keflex,cephalexin
cephalexin,cephalexin
cerave ex,cerave ex
cerave ex crea,cerave ex crea
cerave ex lotn,cerave ex lotn
cerefolin nac,cerefolin nac
certolizumab pegol,certolizumab
cimzia prefilled sc,certolizumab
cetaphil ex crea,cetaphil ex crea
cetirizine hcl,cetirizine
zyrtec,cetirizine
zyrtec allergy,cetirizine
zyrtec-d,cetirizine
cetirizine-pseudoephedrine,"cetirizine,pseudoephedrine"
cevimeline hcl,cevimeline
chloraseptic,chloraseptic
chlordiazepoxide hcl,chlordiazepoxide
chlordiazepoxide-clidinium,"chlordiazepoxide,clidinium"
chlorella,chlorella
chlorhexidine gluconate,chlorhexidine gluconate
chlorophyll,chlorophyll
chlorphen-pseudoephed-apap,"chlorphenarmine,pseudoephedrine,acetaminophen"
chlorpheniramine maleate,chlorpheniramine
coricidin d,"chlorpheniramine,dextromethorphan"
chlorpheniramine-phenylephrine,"chlorpheniramine,phenylephrine"
chlorpromazine hcl,chlorpromazine
chlorthalidone,chlorthalidone
hygroten,chlorthalidone
cholecalciferol,cholecalciferol
cvs d3,cholecalciferol
replesta,cholecalciferol
cholestyramine,cholestyramine
cholestyramine light,cholestyramine
choline,choline
chromium,chromium
ciclesonide,ciclesonide
ciclopirox,ciclopirox
loprox,ciclopirox
ciclopirox olamine,ciclopirox olamine
cilostazol,cilostazol
cimetidine,cimetidine
cinacalcet hcl,cinacalcet
ciprofloxacin hcl,ciprofloxacin
ciprofloxacin-dexamethasone,"ciprofloxacin,dexamethasone"
celexa,citalopram
citalopram hydrobromide,citalopram
"chlorpheniramine,pseudoephedrine,acetaminophen",isotretinoin
clarithromycin,clarithromycin
clindamycin hcl,clindamycin
clindamycin phosphate,clindamycin
clinisol sf,clinisol sf
clobazam,clobazam
clobetasol propionate,clobetasol
clomiphene citrate,clomiphene
clomipramine hcl,clomipramine
clonazepam,clonazepam
klonopin,clonazepam
clonidine hcl er,clonidine
clonidine,clonidine
clonidine hcl,clonidine
catapres,clonidine
clopidogrel bisulfate,clopidogrel
plavix,clopidogrel
clorazepate dipotassium,clorazepate
lotrimin af,clotrimazole
clotrimazole,clotrimazole
lotrimin,clotrimazole
clotrimazole-betamethasone,"clotrimazole,betamethasone"
clozapine,clozapine
clozaril,clozaril
co enzyme q-10,coenzyme q-10
co q,coenzyme q-11
co q-10,coenzyme q-12
co-enzyme q-10,coenzyme q-13
co-q,coenzyme q-14
coenzyme q-10,coenzyme q-15
coenzyme q10,coenzyme q-16
coq10,co enzyme q-10
mega coq10,co enzyme q-10
coal tar extract,coal tar extract
codeine sulfate,codeine
coenzyme q10-fish oil-vit e,"coenzyme q-10,fish oil,vitamine e"
coenzyme q10-vitamin e,"coenzyme q10,vitamin e"
colace,docusate
colchicine,colchicine
colcrys,colchicine
colchicine-probenecid,"colchicine,probenecid"
cold/flu medicine,cold/flu medicine
colesevelam hcl,colesevelam
colestipol hcl,colestipol
collagen matrix-silver,collagen matrix-silver
collagen matrix-silver ex,collagen matrix-silver ex
collagenase,collagenase
colon care,colon care
combivent respimat,"albuterol,iptratropium"
cosentyx,secukinumab
cosentyx sensoready,secukinumab
cough syrup,cough syrup
cream base,cream base
critic-aid clear ex oint,critic-aid clear ex oint
cromolyn sodium,cromolyn
cyclobenzaprine hcl,cyclobenzaprine
cyclobenzaprine hcl er,cyclobenzaprine
cyclopentolate hcl,cyclopentolate
cyclophosphamide,cyclophosphamide
restasis,cyclosporine
restasis op,cyclosporine
cyproheptadine hcl,cyproheptadine
dabigatran etexilate mesylate,dabigatran
pradaxa,dabigatran
dapsone,dapsone
darifenacin hydrobromide,darifenacin
darifenacin hydrobromide er,darifenacin
darunavir ethanolate,darunavir
prezista,darunavir
dasatinib,dasatinib
dayquil,dayquil
prasterone,dehydronepiandrosterone
delsym,dextromethorphan
prolia,denosumab
prolia sc,denosumab
denosumab,denosumab
denosumab sc,denosumab
denta,denta
deplin,deplin
dermaphor,dermaphor
dermaphor ex oint,dermaphor ex oint
"dermatological products,misc.","dermatological products,misc."
desipramine hcl,desipramine
norpramin,desipramine
desloratadine,desloratadine
Esomeprazole,desmopressin
desmopressin ace spray refrig,desmopressin
apri,"desogestrel,ethinyl estradiol"
desogestrel-ethinyl estradiol,"desogestrel,ethinyl estradiol"
juleber,"desogestrel,ethinyl estradiol"
desonide,desonide
desoximetasone,desoximetasone
desvenlafaxine succinate,desvenlafaxine
deutetrabenazine,deutetrabenazine
dexamethasone,dexamethasone
dexilant,dexlansoprazole
dexlansoprazole,dexlansoprazole
dexmethylphenidate hcl,dexmethylphenidate
dexmethylphenidate hcl er,dexmethylphenidate
focalin xr,dexmethylphenidate
dextroamphetamine sulfate,dextroamphetamine
dextroamphetamine sulfate er,dextroamphetamine
dextromethorphan hbr,dextromethorphan
dextromethorphan polistirex,dextromethorphan
qc tussin cf,dextromethorphan
benzocaine,"dextromethorphan,benzocaine"
dm-doxylamine-acetaminophen,"dextromethorphan,doxylamine,acetaminophen"
dextromethorphan-guaifenesin,"dextromethorphan,guaifenesin"
dm-guaifenesin er,"dextromethorphan,guaifenesin"
dm-phenylephrine-acetaminophen,"dextromethorphan,phenylephrine,acetaminophen"
dextromethorphan-quinidine,"dextromethorphan,quinidine"
nuedexta,"dextromethorphan,quinidine"
diazepam,diazepam
valium,diazepam
diastat adult re,diazepam
dibucaine,dibucaine
diclofenac,diclofenac
diclofenac potassium,diclofenac
diclofenac potassium,diclofenac
diclofenac sodium,diclofenac
voltaren,diclofenac
diclofenac-misoprostol,"diclofenac,misoprostol"
dicloxacillin sodium,dicloxacillin
dicyclomine hcl,dicyclomine
diflunisal,diflunisal
difluprednate,difluprednate
digox,digoxin
digoxin,digoxin
lanoxin,digoxin
dilantin,phenytoin
cartia xt,diltiazem
dilt-xr,diltiazem
diltiazem,diltiazem
diltiazem cd,diltiazem
diltiazem hcl,diltiazem
diltiazem hcl coated beads,diltiazem
diltiazem hcl er,diltiazem
diltiazem hcl er beads,diltiazem
diltiazem hcl er coated beads,diltiazem
cardizem,diltiazem
cardizem cd,diltiazem
matzim la,diltiazem
dimenhydrinate,dimenhydrinate
dimethicone,dimethicone
dimethyl fumarate,dimethyl fumarate
banophen,diphenhydramine
benadryl,diphenhydramine
benadryl allergy,diphenhydramine
diphenhydramine hcl childrens,diphenhydramine
zzzquil,diphenhydramine
diphenhydramine hcl,diphenhydramine
diphenhydramine hcl (sleep),diphenhydramine
night-time sleep aid,diphenhydramine
sleep aid,diphenhydramine
disulfiram,disulfiram
dha,docosahexaenoic acid
dha complete,docosahexaenoic acid
docosahexaenoic acid,docosahexaenoic acid
docusate sodium,docusate
docusate calcium,docusate
dofetilide,dofetilide
dok,dok
dolutegravir sodium,dolutegravir
domeboro,domeboro
donepezil hcl,donepezil
dornase alfa,dornase alfa
dorzolamide hcl,dorzolamide
dorzolamide hcl-timolol mal,"dorzolamide,timolol"
dorzolamide hcl-timolol mal pf,"dorzolamide,timolol"
cosopt,"dorzolamide,timolol"
unisom sleep,doxlamine
unisom,doxlamine
doxazosin mesylate,doxazosin
doxepin hcl,doxepin
doxercalciferol,doxercalciferol
doxycycline hyclate,doxycycline
doxycycline monohydrate,doxycycline
vibramycin,doxycycline
doxylamine succinate,doxylamine
doxylamine succinate (sleep),doxylamine
doxylamine-pyridoxine,"doxylamine,pyridoxine"
diclegis,"doxylamine,pyridoxine"
dph-lido-alhydr-mghydr-simeth,dph-lido-alhydr-mghydr-simeth
dronabinol,dronabinol
dronedarone hcl,dronedarone
drospirenone-ethinyl estradiol,"drospirenone,ethinyl estradiol"
droxidopa,droxidopa
northera,droxidopa
cvs dry eye relief,dry eye relief
dry eye relief drops,dry eye relief drops
dry eye relief drops op,dry eye relief drops op
dry eyes op,dry eyes op
drysol,drysol
dss,dss
dulaglutide,dulaglutide
trulicity,dulaglutide
trulicity sc,dulaglutide
dulcolax,bisacodyl
bisacodyl,bisacodyl
bisacodyl ec,bisacodyl
cymbalta,duloxetine
duloxetine hcl,duloxetine
dupilumab,dupilumab
dupixent,dupilumab
durezol,difluprednate
dutasteride,dutasteride
econazole nitrate,econazole
eletriptan hydrobromide,eletriptan
relpax,eletriptan
elexacaftor-tezacaftor-ivacaft,"elexacaftor,tezacaftor,ivacaftor"
trikafta,"elexacaftor,tezacaftor,ivacaftor"
elidel,elidel
elviteg-cobic-emtricit-tenofaf,"elvitegravir,cobicistat,emtricitabine,tenofovir"
genvoya,"elvitegravir,cobicistat,emtricitabine,tenofovir"
emollient,emollient
emollient ex,emollient ex
empagliflozin,empagliflozin
jardiance,empagliflozin
emtricitabine-tenofovir af,"emtricitabine,tenofovir "
emtricitabine-tenofovir df,"emtricitabine,tenofovir "
truvada,"emtricitabine,tenofovir"
enalapril maleate,enalapril
enalapril-hydrochlorothiazide,"enalapril,hydrochlorothiazide"
braftovi,encorafenib
encorafenib,encorafenib
mektovi,encorafenib
fleet adult,enema
enfamil nutramigen lipil liqd,enfamil
enoxaparin sodium,enoxaparin
lovenox ij,enoxaparin
lovenox,enoxaparin
enstilar,enstilar
ensure,ensure
ensure active,ensure
ensure liqd,ensure
ensure original,ensure
ensure plus,ensure
ensure pudding,ensure
entacapone,entacapone
entecavir,entecavir
enulose,lactulose
enzalutamide,enzalutamide
xtandi,enzalutamide
auvi-q,epinephrine
epinephrine,epinephrine
epipen,epinephrine
epipen ij,epinephrine
eplerenone,eplerenone
aimovig,erenumab
aimovig sc,erenumab
erenumab-aooe,erenumab
erlotinib hcl,erlotinib
ertapenem,ertapenem
ertapenem sodium,ertapenem
invanz,ertapenem
erythromycin base,erythromycin
erythromycin,erythromycin
ilotycin,erythromycin
aranesp,erythropoietin
darbepoetin alfa,erythropoietin
epoetin alfa,erythropoietin
epoetin alfa-epbx,erythropoietin
procrit,erythropoietin
retacrit,erythropoietin
escitalopram oxalate,escitalopram
lexapro,escitalopram
aptiom,eslicarbazepine
eslicarbazepine acetate,eslicarbazepine
nexium,Esomeprazole
esomeprazole magnesium,esomeprazole
estradiol,estradiol
estrace,estradiol
conj estrog-medroxyprogest ace,"estrogen,medroxyprogesterone"
estrogens conj synthetic b,estrogens
premarin,estrogens
prempro,estrogens
edecrin,ethacrynic acid
ethacrynic acid,ethacrynic acid
"estrogens,conjugated",estrogens
estrogens conjugated,estrogens
eszopiclone,eszopiclone
lunesta,eszopiclone
enbrel mini,etanercept
etanercept,etanercept
ethambutol hcl,ethambutol
ethedent,sodium fluoride
junel,"ethinyl estradiol,norethisterone"
junel fe,"ethinyl estradiol,norethisterone"
kelnor,"ethinyl estradiol,norethisterone"
kurvelo,"ethinyl estradiol,norethisterone"
lo loestrin fe,"ethinyl estradiol,norethisterone"
ethosuximide,ethosuximide
ethyl chloride,ethyl chloride
ethyl chloride ex aero,ethyl chloride
ethynodiol diac-eth estradiol,"ethynodiol,ethinyl estradiol"
etodolac,etodolac
etodolac er,etodolac
etonogestrel,etonogestrel
etonogestrel-ethinyl estradiol,"etonogestrel,ethinyl estradiol"
etoposide,etoposide
eucerin ex crea,eucerin ex crea
eucerin ex lotn,eucerin ex lotn
evening primrose oil,evening primrose oil
everolimus,everolimus
evolocumab,evolocumab
repatha pushtronex system,evolocumab
exemestane,exemestane
bydureon,exenatide
exenatide,exenatide
exenatide er,exenatide
eye drops allergy relief op,eye drops allergy relief op
eyelid cleansers,eyelid cleansers
ezetimibe,ezetimibe
zetia,ezetimibe
ezetimibe-simvastatin,"ezetimibe,simvastatin"
famciclovir,famciclovir
famotidine,famotidine
pepcid,famotidine
famotidine-ca carb-mag hydrox,"famotidine,calcium carbonate,magnesium hydroxide"
febuxostat,febuxostat
felbamate,felbamate
felodipine,felodipine
felodipine er,felodipine
fenofibrate,fenofibrate
fenofibrate micronized,fenofibrate
fentanyl,fentanyl
fesoterodine fumarate,fesoterodine
fesoterodine fumarate er,fesoterodine
allegra,fexofenadine
allegra allergy,fexofenadine
fexofenadine hcl,fexofenadine
fexofenadine-pseudoephed er,"fexofenadine,pseudoephedrine"
fexofenadine-pseudoephedrine,"fexofenadine,pseudoephed"
fidaxomicin,fidaxomicin
filgrastim,filgrastim
filgrastim-sndz,filgrastim
finasteride,finasteride
proscar,finasteride
fingolimod hcl,fingolimod
"fioricet,esgic","butalbital,acetaminophen,caffeine"
first-mouthwash blm mt susp,first-mouthwash blm mt susp
cvs fish oil,fish oil
fish oil,fish oil
fish oil omega-3,fish oil
fish-epa,fish oil
kp fish oil,fish oil
fish oil + d3,"fish oil,vitamin d-3"
fish oil-cholecalciferol,"fish oil,vitamin d-3"
flecainide acetate,flecainide
tambocor,flecainide
fleet enema,fleet enema
fleet enema re,fleet enema
flexeril,cyclobenzaprine
fluconazole,fluconazole
fludrocortisone acetate,fludrocortisone
flunisolide hfa,flunisolide
flunisolide,flunisolide
derma-smoothe,fluocinolone
fluocinolone acetonide,fluocinolone
fluocinolone acetonide body,fluocinolone
fluocinolone acetonide scalp,fluocinolone
fluocinonide,fluocinonide
lidex,fluocinonide
fluoride,fluoride
fluorometholone,fluorometholone
fluorouracil,fluorouracil
fluoxetine hcl,fluoxetine
prozac,fluoxetine
fluoxetine hcl (pmdd),fluoxetine
fluphenazine hcl,fluphenazine
arnuity ellipta,fluticasone
flovent diskus,fluticasone
flovent hfa,fluticasone
flovent hfa in,fluticasone
flovent in,fluticasone
fluticasone propionate,fluticasone
fluticasone propionate (inhal),fluticasone
fluticasone propionate hfa,fluticasone
flonase sensimist,fluticasone
fluticasone furoate,fluticasone
xhance,fluticasone
flonase,fluticasone
advair,fluticasone
advair;wixela,fluticasone
fluticasone-salmeterol,"fluticasone,salmeterol"
wixela inhub,"fluticasone,salmeterol"
fluticasone-umeclidin-vilant,"fluticasone,umeclidinium,vilanterol"
trelegy ellipta,"fluticasone,umeclidinium,vilanterol"
fluticasone furoate-vilanterol,"fluticasone,vilanterol"
fluvastatin sodium,fluvastatin
fluvastatin sodium er,fluvastatin
fluvoxamine maleate,fluvoxamine
5-methyltetrahydrofolate,folic acid
folic acid,folic acid
folvite,folic acid
arixtra sc,fondaparinux
fondaparinux sodium,fondaparinux
formoterol fumarate,formoterol
fremanezumab-vfrm,fremanezumab
furosemide,furosemide
lasix,furosemide
neurontin,gabapentin
gabapentin,gabapentin
gabapentin enacarbil er,gabapentin
gabapentin (once-daily),gabapentin
gabapentin enacarbil,gabapentin
horizant,gabapentin
galantamine hydrobromide,galantamine
galantamine hydrobromide er,galantamine
emgality,galcanezumab
galcanezumab-gnlm,galcanezumab
copaxone,glatiramer
garlic-lecithin,"garlic,lecithin"
gaviscon,aluminum hydroxide
gaviscon extra strength,gaviscon
gebauers pain ease ex aero,gebauers pain ease ex aero
gemfibrozil,gemfibrozil
tricor,gemfibrozil
basaglar,glargine
glatiramer acetate,glatiramer
glimepiride,glimepiride
amaryl,glimepiride
glipizide,glipizide
glipizide er,glipizide
glucotrol,glipizide
glipizide-metformin hcl,"glipizide,metformin"
glucagen hypokit,glucagon
glucagon,glucagon
glucagon (rdna),glucagon
glucagon emergency,glucagon
glucagon emergency ij,glucagon
glucagon hcl,glucagon
glucagon hcl (rdna),glucagon
glucagon hcl rdna,glucagon
glucerna,glucerna
glucerna shake liqd,glucerna
glucosamine,glucosamine
glucosamine chondroitin triple,glucosamine chondroitin
glucosamine chondr,"glucosamine,chondrotin"
glucosamine chondr complex,"glucosamine,chondrotin"
glucose,glucose
insta-glucose,glucose
glutose,glucose
glyburide,glyburide
glyburide micronized,glyburide
glyburide-metformin,"glyburide,metformin"
glycerin,glycerin
glycerin (laxative),glycerin
glycerin-hypromellose-peg,glycerin-hypromellose-peg
glycerin-hypromellose-peg 400,glycerin-hypromellose-peg 400
glycopyrrolate,glycopyrrolate
bevespi aerosphere in,"glycopyrrolate,formoterol"
glycopyrrolate-formoterol,"glycopyrrolate,formoterol"
gold bond babywder ex,gold bond babywder ex
gold bond exwd,gold bond exwd
golimumab,golimumab
simponi,golimumab
goserelin acetate,goserelin
robitussin chest congestion,guaifenesin
robitussin dm sugar free,guaifenesin
robafen dm,"guaifenesin,dextromethorphan"
mucinex,guaifenesin
mucinex fast-max,guaifenesin
guaifenesin,guaifenesin
guaifenesin er,guaifenesin
guaifenesin-codeine,"guaifenesin,codeine"
mucinex dm,"guaifenesin,dextromethorphan"
guaifenesin-dm,"guaifenesin,dextromethorphan"
robitussin,guaifensen
robitussin-ac,guaifensen
guanfacine hcl er,guanfacine
guanfacine hcl,guanfacine
nutrisource fiber pack,guar gum
guar gum,guar gum
guselkumab,guselkumab
halobetasol propionate,halobetasol
haldol decanoate im,haloperidol
haloperidol,haloperidol
haloperidol decanoate,haloperidol
haloperidol lactate,haloperidol
heparin sodium,heparin
heparin sodium (porcine),heparin
hepatitis b vac recombinant,hepatitis b vaccine
hm salonpas pain relief,hm salonpas pain relief
homeopathic products,homeopathic products
htn complex,htn complex
hydralazine hcl,hydralazine
apresoline,hydralazine
hydralazine-hctz,"hydralazine,hydrochlorothiazide"
hydrocerin ex crea,hydrocerin ex crea
hydrochlorothiazide,hydrochlorothiazide
microzide,hydrochlorothiazide
hydrodiuril,hydrochlorothiazide
hydrocodone-acetaminophen,"hydrocodone,acetaminophen"
hydrocod polst-chlorphen polst,"hydrocodone,chlorphenaramine"
hydrocodlst-cpmlst er,"hydrocodone,chlorphenaramine"
hydrocortisone valerate,hydrocortisone
hydrocortisone-acetic acid,"hydrocortisone,acetic acid"
hydromorphone hcl,hydromorphone
dilaudid,hydromorphone
vistaril,hydroxyzine
hydroxychloroquine sulfate,hydroxychloroquine
plaquenil,hydroxychloroquine
hydroxyprogesterone,hydroxyprogesterone caproate
hydroxyurea,hydroxyurea
atarax,hydroxyzine
hydroxyzine hcl,hydroxyzine
hydroxyzine pamoate,hydroxyzine
hyoscyamine,hyoscyamine
hyoscyamine sulfate,hyoscyamine
hyoscyamine sulfate er,hyoscyamine
hyoscyamine sulfate sl,hyoscyamine
hypertonic nasal wash,hypertonic nasal wash
sodium chloride (hypertonic),hypertonic saline
hypromellose,hypromellose
hytrin,terazosin
ibandronate sodium,ibandronate
ibrutinib,ibrutinib
imbruvica,ibrutinib
aleve,ibuprofen
ibuprofen,ibuprofen
motrin,ibuprofen
"advil,motrin",ibuprofen
advil pm,"ibuprofen,diphenhydramine"
ibuprofen pm,"ibuprofen,diphenhydramine"
ibuprofen-diphenhydramine cit,"ibuprofen,diphenhydramine"
ibuprofen-diphenhydramine hcl,"ibuprofen,diphenhydramine"
icy hot ex,icy hot ex
icy hot lidocaine plus menthol ex,icy hot lidocaine plus menthol ex
imatinib mesylate,imatinib
imipramine hcl,imipramine
imiquimod,imiquimod
immune globulin,immune globulin
immune globulin (human),immune globulin
gammagard,immunoglobulin
gamunex-c ij,immunoglobulin
incontinent wash,incontinent wash
indapamide,indapamide
indomethacin,indomethacin
infant foods,infant foods
infliximab,infliximab
fluzone high-dose,influenza vaccine
influenza vac split high-dose,influenza vaccine
admelog solostar,insulin
admelog solostar sc,insulin
basaglar kwikpen,insulin
basaglar kwikpen sc,insulin
humalog,insulin
humalog kwikpen,insulin
humalog kwikpen sc,insulin
humalog mix,insulin
humulin,insulin
humulin n kwikpen,insulin
humulin n kwikpen sc,insulin
humulin r u-500,insulin
insulin aspart,insulin
insulin aspart prot & aspart,insulin
insulin degludec,insulin
insulin detemir,insulin
insulin glargine,insulin
insulin lispro,insulin
insulin lispro prot & lispro,insulin
insulin nph,insulin
insulin nph human (isophane),insulin
insulin nph isophane & regular,insulin
insulin regular human,insulin
insulin subcutaneous pump,insulin
lantus,insulin
lantus sc,insulin
lantus solostar,insulin
lantus solostar sc,insulin
levemir,insulin
levemir flexpen sc,insulin
levemir flextouch,insulin
novolin,insulin
novolin n,insulin
novolin n sc,insulin
novolin r relion,insulin
novolog,insulin
novolog flexpen,insulin
novolog flexpen sc,insulin
novolog mix,insulin
toujeo max solostar,insulin
toujeo max solostar sc,insulin
toujeo solostar,insulin
toujeo solostar sc,insulin
tresiba,insulin
tresiba flextouch,insulin
humulin r,insulin
rebif,interferon beta
interferon beta-1a,interferon beta-1a
inulin,inulin
atrovent,ipratropium
"albuterol,ipratropium",ipratropium
ipratropium bromide,ipratropium
ipratropium bromide hfa,ipratropium
ipratropium-albuterol,"ipratropium,albuterol"
irbesartan,irbesartan
irbesartan-hydrochlorothiazide,"irbesartan,hydrochlorothiazide"
carbonyl iron,iron
easy iron,iron
fe fumarate-b12-vit c-fa-ifc caps,iron
ferosul,iron
ferrocite,iron
ferrous fumarate,iron
ferrous gluconate,iron
ferrous sulfate,iron
ferrous sulfate dried er,iron
ferrous sulfate er,iron
gentle iron,iron
hm iron slow release,iron
iron,iron
iron cr,iron
iron dextran,iron
iron high-potency,iron
iron sucrose,iron
iron-c,iron
iron-vitamin c,iron
polysaccharide iron complex,iron
slow fe,iron
sm slow release iron,iron
ferrous bisglycinate chelate,iron
ferrous sulfate dried,iron
ferric citrate,Iron
auryxia,Iron
isometheptene-dichloral-apap,"isometheptene,dichloralphenazone,acetaminophen"
midrin,"isometheptene,dichloralphenazone,acetaminophen"
isoniazid,isoniazid
isosorbide dinitrate,isosorbide dinitrate
isordil,isosorbide dinitrate
imdur,isosorbide mononitrate
isosorbide mononitrate,isosorbide mononitrate
isosorbide mononitrate er,isosorbide mononitrate
isosource,isosource
isotretinoin,isotretinoin
istalol,timolol
ivermectin,ivermectin
ixekizumab,ixekizumab
jevity,jevity
kaopectate,kaopectate
kcl in dextrose-nacl,kcl in dextrose-nacl
ketoconazole,ketoconazole
ketoprofen,ketoprofen
acuvail,ketorolac
toradol,ketorolac
acular,ketorolac
ketorolac tromethamine,ketorolac
ketotifen fumarate,ketotifen
kp benzoyl peroxide wash,kp benzoyl peroxide wash
l-lysine,l-lysine
l-methylfolate,l-methylfolate
l-methylfolate calcium,"l-methylfolate,calcium"
labetalol hcl,labetalol
normodyne,labetalol
lacosamide,lacosamide
vimpat,lacosamide
lactaid,lactase
lactase,lactase
lactulose,lactulose
lactulose encephalopathy,lactulose
lamictal,lamotrigine
lamotrigine,lamotrigine
lamotrigine er,lamotrigine
lansoprazole,lansoprazole
lanthanum carbonate,lanthanum carbonate
lantiseptic perineal wash ex,lantiseptic perineal wash ex
lantiseptic skin protectant,lantiseptic skin protectant
latanoprost,latanoprostene
latanoprostene bunod,latanoprostene
vyzulta,"latanoprostene,budesonide"
cvs gentle laxative,laxatives
harvoni,"ledipasvir,sofosbuvir"
ledipasvir-sofosbuvir,"ledipasvir,sofosbuvir"
arava,leflunomide
leflunomide,leflunomide
lemon-glycerin mt swab,"lemon,glycerin mouth swab"
lenalidomide,lenalidomide
letrozole,letrozole
leucovorin calcium,leucovorin
leuprolide acetate,leuprolide
leuprolide acetate (3 month),leuprolide
leuprolide acetate (4 month),leuprolide
leuprolide acetate (6 month),leuprolide
lupron depot,leuprolide
lupron ij,leuprolide
levalbuterol hcl,levalbuterol
levalbuterol tartrate,levalbuterol
xopenex hfa in,levalbuterol
levetiracetam,levetiracetam
levetiracetam er,levetiracetam
keppra,levetiracetam
levocarnitine,levocarnitine
levocetirizine dihydrochloride,levocetirizine
inbrija,levodopa
levodopa,levodopa
levofloxacin,levofloxacin
levaquin,levofloxacin
levomefolate glucosamine,"levomefolate,glucosamine"
levonest,"levonorgesterel,ethinyl estradiol"
aviane,"levonorgesterel,ethinyl estradiol"
larissia,"levonorgesterel,ethinyl estradiol"
lessina,"levonorgesterel,ethinyl estradiol"
levonorg-eth estrad triphasic,"levonorgesterel,ethinyl estradiol"
levonorgest-eth estrad,"levonorgesterel,ethinyl estradiol"
levonorgest-eth estrad 91-day,"levonorgesterel,ethinyl estradiol"
levonorgestrel-ethinyl estrad,"levonorgesterel,ethinyl estradiol"
levonorgestrel,levonorgestrel
levothyroid,levothyroxine
levothyroxine,levothyroxine
levothyroxine sodium,levothyroxine
levoxyl,levothyroxine
synthroid,levothyroxine
armour thyroid,levothyroxine
liothyronine sodium,levothyroxine
thyroid,levothyroxine
tirosint,levothyroxine
lidoderm,lidocaine
xylocaine,lidocaine
aspercreme lidocaine,lidocaine
lidocaine,lidocaine
lidocaine hcl,lidocaine
lidocaine hcl urethral/mucosal,lidocaine
lidocaine viscous hcl,lidocaine
lidocaine-menthol,"lidocaine,menthol"
lidocaine-prilocaine,"lidocaine,prilocaine"
lidocaine-transparent dressing,lidocaine
lidocaine-diphenhydramine-maalox,"lidocaine,diphenhydramine,aluminum hydroxide,magnesium hydroxide,simethicone"
lifitegrast,lifitegrast
xiidra,lifitegrast
linaclotide,linaclotide
linzess,linaclotide
linagliptin,linagliptin
tradjenta,linagliptin
liniments,liniments
linseed oil oil,linseed oil oil
liraglutide -weight management,liraglutide
liraglutide,liraglutide
victoza,liraglutide
saxenda,liraglutide
lisdexamfetamine dimesylate,lisdexamfetamine
vyvanse,lisdexamfetamine
lisinopril,lisinopril
prinivil,lisinopril
zestril,lisinopril
lisinopril-hydrochlorothiazide,"lisinopril,hydrochlorothiazide"
lithium,lithium
lithium carbonate,lithium
lithium carbonate er,lithium
lmx,lmx
imodium,loperamide
imodium a-d,loperamide
imodium multi-symptom relief,loperamide
loperamide hcl,loperamide
loperamide-simethicone,"loperamide,simethicone"
loratadine,loratadine
sm loratadine,loratadine
wal-itin,loratadine
loratadine-pseudoephedrine,"loratadine,pseudoephedrine"
loratadine-pseudoephedrine er,"loratadine,pseudoephedrine"
claritin,loratadine
lorazepam,lorazepam
losartan potassium,losartan
losartantassium,losartan
cozaar,losartan
losartan potassium-hctz,"losartan,hydrochlorothiazide"
losartantassium-hctz,"losartan,hydrochlorothiazide"
alrex,loteprednol
lotemax,loteprednol
loteprednol etabonate,loteprednol
lovastatin,lovastatin
lovastatin er,lovastatin
mevacor,lovastatin
loxapine succinate,loxapine
amitiza,lubiprostone
lubiprostone,lubiprostone
latuda,lurasidone
lurasidone hcl,lurasidone
lysine,lysine
maalox advanced max st,"aluminum hydroxide,magnesium hydroxide,simethicone"
"lidocaine,diphenhydramine,aluminum hydroxide,magnesium hydroxide,simethicone","aluminum hydroxide,magnesium hydroxide,simethicone"
macugen io,pegaptanib
magnesium sulfate,magnesium
cvs triple magnesium complex,magnesium
mag64,magnesium
magnesium,magnesium
magnesium chloride,magnesium
magnesium gluconate,magnesium
magnesium glycinate plus,magnesium
slow-mag,magnesium
citrate of magnesia soln,magnesium citrate
magnesium citrate soln,magnesium citrate
magnesium citrate,magnesium citrate
magnesium hydroxide,magnesium hydroxide
milk of magnesia,magnesium hydroxide
magnesium oxide,magnesium oxide
magnesium oxide -mg supplement,magnesium oxide
magnesium-oxide,magnesium oxide
magnesium salicylate,magnesium salicylate
magnesium sulfate (laxative),magnesium sulphate
magnesium cl-calcium carbonate,"magnesium,calcium"
meclizine hcl,meclizine
antivert,meclizine
medicatedwder ex,medicatedwder ex
medroxyprogesterone acetate,medroxyprogesterone
megestrol acetate,megestrol
megace,megestrol
cvs melatonin,melatonin
melatonin,melatonin
melatonin er,melatonin
melatonin gummies,melatonin
melatonin maximum strength,melatonin
melatonin-pyridoxine,"melatonin,pyridoxine"
meloxicam,meloxicam
memantine hcl,memantine
memantine hcl er,memantine
namzaric,memantine
namenda,memantine
namenda xr,memantine
memantine hcl-donepezil hcl,"memantine,donepezil"
menthol,menthol
menthol (topical analgesic),menthol
menthol-methyl salicylate,"menthol,methyl salicylate"
menthol-methyl salicylate ex,"menthol,methyl salicylate ex"
menthol-zinc oxide,"menthol,zinc oxide"
mercaptopurine,mercaptopurine
asacol,mesalamine
mesalamine,mesalamine
mesalamine er,mesalamine
metafolbic plus rf,metafolbic plus rf
glucophage,metformin
metformin hcl,metformin
metformin hcl er,metformin
glucophage-xr,metformin
methadone hcl,methadone
dolophine,methadone
methenamine hippurate,methenamine
methenamine mandelate,methenamine
hiprex,methenamine
mandelamine,methenamine
methimazole,methimazole
methocarbamol,methocarbamol
robaxin,methocarbamol
methotrexate,methotrexate
methotrexate (anti-rheumatic),methotrexate
rasuvo,methotrexate
methotrexate sodium,methotrexate
rheumatrex,methotrexate
citrucel,methyl cellulose
cvs fiber gummies,methyl cellulose
cvs fiber gummy bears children,methyl cellulose
daily fiber,methyl cellulose
methylcellulose (laxative),methyl cellulose
citracal,methyl cellulose
citracal slow release,methyl cellulose
methylcellulose,methylcellulose
methylfol-algae-b12-acetylcyst,methylfol-algae-b12-acetylcyst
methylnaltrexone bromide,methylnaltrexone
concerta,methylphenidate
methylphenidate,methylphenidate
methylphenidate hcl,methylphenidate
methylphenidate hcl er,methylphenidate
quillivant xr,methylphenidate
methylprednisolone,methylprednisolone
methylprednisolone acetate,methylprednisolone
metoclopramide hcl,metoclopramide
metolazone,metolazone
dutoprol,metoprolol
first - metoprolol,metoprolol
lopressor,metoprolol
metoprolol succinate,metoprolol
metoprolol succinate er,metoprolol
metoprolol tartrate,metoprolol
toprol xl,metoprolol
toprol-xl,metoprolol
metoprolol-hctz er,"metoprolol,hydrochlorothiazide"
metoprolol-hydrochlorothiazide,"metoprolol,hydrochlorothiazide"
metronidazole,metronidazole
metronidazole in nacl,metronidazole
mexiletine hcl,mexiletine
zeasorb exwd,miconazole
miconazole nitrate,miconazole
zeasorb,miconazole
miconazole-zinc oxide-petrolat,"miconazole,zinc oxide"
midodrine hcl,midodrine
milnacipran hcl,milnacipran
savella,milnacipran
min-o-ear ot,mineral oil
"mineral oil-oleth,polysorbate","mineral oil,oleth-polysorbate"
minocycline hcl,minocycline
minoxidil,minoxidil
mirabegron,mirabegron
mirabegron er,mirabegron
myrbetriq,mirabegron
mirtazapine,mirtazapine
remeron,mirtazapine
misc natural products,misc natural products
misc. throat products,misc. throat products
misoprostol,misoprostol
modafinil,modafinil
moexipril hcl,moexipril
moisture ex crea,moisture ex crea
asmanex hfa,mometasone
mometasone furoate,mometasone
asmanex,"mometasone,formoterol"
mometasone furoate ex,mometasone
dulera,"mometasone, formoterol"
dulera in,"mometasone, formoterol"
mometasone furo-formoterol fum,"mometasone,formoterol"
montelukast sodium,montelukast
singulair,montelukast
morphine sulfate,morphine
morphine sulfate er,morphine
ms contin,morphine
mouth kote mt soln,mouth kote mt soln
mouthwashes,mouthwashes
moxifloxacin hcl,moxifloxacin
multiple minerals-vitamins,"multiple minerals,multivitamine"
fabb,multivitamine
hemax,multivitamine
folic acid-vit b6-vit b12,multivitamine
daily vite,multivitamine
daily-vite,multivitamine
daily-vite/iron/beta-carotene,multivitamine
preservision areds,multivitamine
preservision areds caps,multivitamine
preservision/lutein,multivitamine
preservision/lutein caps,multivitamine
thera,multivitamine
thera m plus,multivitamine
thera-m,multivitamine
thera/beta-carotene,multivitamine
alive once daily womens,multivitamine
adult one daily gummies,multivitamine
antioxidant formula sg cpcr,multivitamine
b complete,multivitamine
b complex,multivitamine
b complex maxi,multivitamine
b complex vitamins caps,multivitamine
b complex-b12,multivitamine
b complex-c,multivitamine
b complex-c-folic acid,multivitamine
b-complex,multivitamine
centrum,multivitamine
centrum adults,multivitamine
centrum chew,multivitamine
centrum liqd,multivitamine
centrum multigummies,multivitamine
centrum silver,multivitamine
centrum silver adult,multivitamine
centrum silver ultra mens,multivitamine
centrum silver ultra womens,multivitamine
centrum vitamints,multivitamine
centrum women,multivitamine
eye vitamins,multivitamine
eye vitamins caps,multivitamine
mg-plus protein,multivitamine
multi adult gummies,multivitamine
multi adult gummies chew,multivitamine
multi for her,multivitamine
multi for him caps,multivitamine
multi max,multivitamine
multi vitamin daily,multivitamine
multi-day,multivitamine
multi-day vitamins,multivitamine
multi-delyn liqd,multivitamine
multi-vitamin,multivitamine
multi-vitamin daily,multivitamine
multi-vitamin gummies chew,multivitamine
multi-vitamin/minerals,multivitamine
multi-vitamins,multivitamine
multiple vitamin,multivitamine
multiple vitamins,multivitamine
multiple vitamins/womens,multivitamine
multivital,multivitamine
multivital chew,multivitamine
multivital-m,multivitamine
multivitamin,multivitamine
multivitamin & mineral,multivitamine
multivitamin adult,multivitamine
multivitamin adult chew,multivitamine
multivitamin adults,multivitamine
multivitamin childrens,multivitamine
multivitamin gummies adult,multivitamine
multivitamin gummies adult chew,multivitamine
multivitamin gummies womens chew,multivitamine
multivitamin iron-free,multivitamine
multivitamin men,multivitamine
multivitamin women,multivitamine
multivitamin/fluoride,multivitamine
multivitamin/iron,multivitamine
multivitamin+ liqd,multivitamine
multivitamin caps,multivitamine
multivitamin chew,multivitamine
multivitamin pediatric,multivitamine
multivitamin/minerals adult,multivitamine
nephplex rx,multivitamine
nephro-vite,multivitamine
nephro-vite rx,multivitamine
nephrocaps,multivitamine
ocuvite,multivitamine
ocuvite adult,multivitamine
ocuvite eye health formula,multivitamine
ocuvite eye heatlh gummies chew,multivitamine
ocuvite preservision,multivitamine
ocuvite-lutein,multivitamine
prenatal,multivitamine
prenatal #2,multivitamine
prenatal + complete multi,multivitamine
prenatal + dha,multivitamine
prenatal ad,multivitamine
prenatal adult gummy/dha/fa,multivitamine
prenatal complete,multivitamine
prenatal formula,multivitamine
prenatal gummies/dha & fa,multivitamine
prenatal multi +dha,multivitamine
prenatal multivit-iron,multivitamine
prenatal multivitamin + dha,multivitamine
prenatal multivitamin plus dha,multivitamine
prenatal mv & min w/fe-fa-ca,multivitamine
prenatal plus,multivitamine
prenatal vitamin,multivitamine
prenatal vitamin plus low iron,multivitamine
prenatal vitamins,multivitamine
prenatal vol-tab rx,multivitamine
prenatal+dha,multivitamine
v-c forte caps,multivitamine
b complex vitamins,multivitamine
b complex-biotin-fa,multivitamine
b complex-c-biotin-e-min-fa,multivitamine
b complex-c-zn-folic acid,multivitamine
b complex-folic acid,multivitamine
bariatric multivitamin/iron,multivitamine
bioflavonoid products,multivitamine
biotin plus keratin,multivitamine
biotin w/ vitamins c & e,multivitamine
cerovite advanced formula liqd,multivitamine
cerovite silver,multivitamine
certavite senior/antioxidant,multivitamine
cod liver oil,multivitamine
cod liver oil caps,multivitamine
complete prenatal/dha,multivitamine
cvs spectravite adult,multivitamine
cvs super b complex/c,multivitamine
daily multiple vitamins,multivitamine
dialyvite,multivitamine
emergen-c vitamin c,multivitamine
emergen-c vitamin c pack,multivitamine
eq multivitamin adult gummy,multivitamine
eql prenatal formula,multivitamine
flinstones gummies omega-3,multivitamine
flintstones complete,multivitamine
flintstones complete chew,multivitamine
geritol tonic liqd,multivitamine
gnp one daily mens/lycopene,multivitamine
hair skin & nails advanced,multivitamine
hair skin & nails gummies,multivitamine
hair skin and nails formula,multivitamine
hair/skin/nails,multivitamine
hair/skin/nails/biotin,multivitamine
hightency b complex/b12/c,multivitamine
icaps,multivitamine
icaps areds,multivitamine
icaps areds formula,multivitamine
icaps caps,multivitamine
iron-vitamins,multivitamine
macular health formula caps,multivitamine
mens multi vitamin & mineral,multivitamine
mens multivitamin,multivitamine
multiple vitamins-iron,multivitamine
multiple vitamins-minerals,multivitamine
one daily calcium/iron,multivitamine
one-a-day bone strength,multivitamine
one-a-day mens,multivitamine
one-a-day mens vitacraves chew,multivitamine
one-a-day womens prenatal,multivitamine
one-daily multi vitamins,multivitamine
pediatric multiple vit-c-fa,multivitamine
pediatric multiple vit-vit c,multivitamine
pediatric multiple vitamins,multivitamine
pediatric multivit-minerals-c,multivitamine
pediatric multivitamin-fl,multivitamine
pediatric multivitamin-iron,multivitamine
pnv,multivitamine
pnv fe fum/docusate/folic acid,multivitamine
pnv ob+dha,multivitamine
pnv prenatal plus multivit+dha,multivitamine
pnv-dha,multivitamine
pnv-dha plus,multivitamine
poly-vi-sol soln,multivitamine
poly-vi-sol/iron soln,multivitamine
pr natal,multivitamine
pre-natal,multivitamine
prena rx,multivitamine
prenat w/o a-fe-methfol-fa-dha,multivitamine
prenat w/o a-fecbgl-dss-fa-dha,multivitamine
prenat-febis-fepro-fa-ca-omega,multivitamine
prenat-methylfol-chol-fish oil,multivitamine
prenata,multivitamine
prenatal multivit-min-fe-fa,multivitamine
prenatal mv & min w/fa-dha,multivitamine
prenatal mv-min-fa-omega-3,multivitamine
prenatal mv-min-fe fum-fa-dha,multivitamine
prenatal vit w/fe-methylfol-fa,multivitamine
prenatal vit-dss-fe cbn-fa,multivitamine
prenatal vit-dss-fe fum-fa,multivitamine
prenatal vit-fe fum-fa-omega,multivitamine
prenatal vit-fe fumarate-fa,multivitamine
prenatal vit-fe sulfate-fa,multivitamine
prenatal vit-iron carbonyl-fa,multivitamine
prenatal w/o a vit-fe fum-fa,multivitamine
prenatal-fe bis-fa-dha w/o a,multivitamine
prenatal-fe-methylfol-fa-dha,multivitamine
prenatal-fefum-fa-dha w/o a,multivitamine
prosight,multivitamine
prostate,multivitamine
qc daily multivitamin/iron,multivitamine
quin,multivitamine
rena-vite,multivitamine
rena-vite rx,multivitamine
renal,multivitamine
renal multivitamin formula,multivitamine
renal softgels,multivitamine
renaplex-d,multivitamine
reno caps,multivitamine
sentry senior,multivitamine
sm multiple vitamins/iron,multivitamine
specialty vitamins products,multivitamine
stress b complex,multivitamine
super b complex,multivitamine
super b-100,multivitamine
super thera vite m,multivitamine
tab-a-vite,multivitamine
therems,multivitamine
triphrocaps,multivitamine
virt-caps,multivitamine
vit c-cholecalciferol-rose hip,multivitamine
vitamedmd plus rx/quatrefolic,multivitamine
vitamin b complex,multivitamine
vitamin b complex-c caps,multivitamine
vitamin b-complex,multivitamine
vitamin c liqd,multivitamine
vitamin d-vitamin k,multivitamine
vitamin mixture,multivitamine
vitamin-b complex,multivitamine
vitrum senior,multivitamine
womens,multivitamine
womens multi,multivitamine
womens multivitamin,multivitamine
prenatal dha,multivitamine
multivitamin po,multivitamine
multivitamin with minerals,multivitamine
preservision areds po,multivitamine
multivitamin po,multivitamine
fe bisgly-vit c-vit b12-fa,"multivitamin,iron"
fe fumarate-b12-vit c-fa-ifc,"multivitamin,iron"
ferrous gluconate-c-folic acid,"multivitamin,iron"
iron polysacch cmplx-b12-fa,"multivitamin,iron"
iron-dss-b12-fa-c-e-cu-biotin,"multivitamin,iron"
dialyvite vitamin d,multivitamine
mupirocin,mupirocin
mupirocin calcium,mupirocin
muscle rub ex,muscle rub ex
mycophenolate mofetil,mycophenolate
nac,n-acetylcystine
nabumetone,nabumetone
nadolol,nadolol
movantik,naloxegol
naloxegol oxalate,naloxegol
naloxone hcl,naloxone
naloxone hcl na,naloxone
narcan,naloxone
narcan na,naloxone
naltrexone,naltrexone
naltrexone hcl,naltrexone
vivitrol,naltrexone
vivitrol im,naltrexone
naphazoline-pheniramine,"naphazoline,pheniramine"
opcon-a op,"naphazoline,pheniramine"
naprosyn,naproxen
naproxen,naproxen
naproxen sodium,naproxen
naratriptan hcl,naratriptan
narcosoft herbal lax,narcosoft herbal lax
nasacort allergy,nasacort allergy
cvs nasal decongestant,nasal decongestant
cvs nasal spray,nasal spray
nasogel na,nasogel na
nateglinide,nateglinide
bystolic,nebivolol
nebivolol hcl,nebivolol
neomycin sulfate,neomycin
neomycin-bacitracin-polymyxin,"neomycin,bacitracin,polymyxin"
neomycin-polymyxin-hc,"neomycin,polymyxin"
neomycin-polymyxin-dexameth,"neomycin,polymyxin,dexamethasone"
neosporin ex,neosporin
nepro,nepro
nepro liqd,nepro
nerve pain relief sl,nerve pain relief sl
netarsudil dimesylate,netarsudil
rhopressa,netarsudil
netarsudil-latanoprost,"netarsudil,latanoprost"
rocklatan,"netarsudil,latanoprost"
netit sinus wash na,netit sinus wash na
neutrogena t/gel,neutrogena t/gel
nexplanon,nexplanon
niacin (antihyperlipidemic),niacin
niacin er,niacin
niacin,niacin
nicoderm cq td,nicotine
nicotine,nicotine
nicotine in,nicotine
nicotine td,nicotine
nicotinelacrilex,nicotine
cvs nicotine,nicotine
cvs nicotinelacrilex,nicotine
hm nicotinelacrilex,nicotine
nicotine polacrilex,nicotine
nicoderm cq,nicotine
nifedipine,nifedipine
nifedipine er,nifedipine
nifedipine er osmotic release,nifedipine
nikki,nikki
nitrofurantoin macrocrystal,nitrofurantoin
nitrofurantoin monohyd macro,nitrofurantoin
nitroglycerin,nitroglycerin
nitroglycerin sl,nitroglycerin
nitrostat,nitroglycerin
nivolumab,nivolumab
opdivo,nivolumab
nizatidine,nizatidine
no-sting skin-prep ex,no-sting skin-prep ex
norelgestromin-eth estradiol,"norelgestromin,ethinyl estradiol"
norethin ace-eth estrad-fe,"norelgestromin,ethinyl estradiol"
norethin-eth estrad-fe biphas,"norethindrone,ethinyl estradiol"
microgestin,"norethindrone,ethinyl estradiol"
microgestin fe,"norethindrone,ethinyl estradiol"
norethindrone-ethinyl estrad-fe,"norethindrone,ethinyl estradiol"
norgestim-eth estrad triphasic,"norethindrone,ethinyl estradiol"
norgestrel-ethinyl estradiol,"norethindrone,ethinyl estradiol"
blisovi,"norethindrone,ethinyl estradiol"
norethindronee,norethindronee
camila,norethindronee
norethindronee acetate,norethindronee
norethindronee acet-ethinyl est,norethindronee acet-ethinyl est
norethindronee-eth estradiol,"norethindronee,ethelyne estradiol"
norgestimate-eth estradiol,norgestimate-eth estradiol
estarylla,"norgestimate,ethinyl estradiol"
nortriptyline hcl,nortriptyline
pamelor,nortriptyline
nutritional supplements,nutritional supplements
nuvaring,nuvaring
nyamyc,nyamyc
nyquil,nyquil
nyquil cold & flu,nyquil
nystatin,nystatin
mycostatin,nystatin
triamcinolone,"nystatin,triamcinolone"
nystop,nystop
ocrevus,ocrelizumab
octreotide acetate,octreotide
ofloxacin,ofloxacin
zyprexa,olanzapine
olanzapine,olanzapine
olmesartan medoxomil,olmesartan
benicar,olmesartan
olmesartan medoxomil-hctz,"olmesartan,hydrochlorothiazide"
olopatadine hcl,olopatadine
pazeo,olopatadine
omalizumab,omalizumab
complete omega,omega fatty acids
icosapent ethyl,omega-3 fatty acid
omega-3-acid ethyl esters,omega-3 fatty acid
vascepa,omega-3 fatty acid
lovaza,omega-3 fatty acid
omega,omega-3 fatty acids
omega-3,omega-3 fatty acids
omega-3 fatty acids,omega-3 fatty acids
super omega,omega-3 fatty acids
prilosec,omeprazole
prilosec otc,omeprazole
first-omeprazole,omeprazole
omeprazole,omeprazole
omeprazole magnesium,omeprazole
omeprazole-sodium bicarbonate,"omeprazole,sodium bicarbonate"
botox,onabotulinumtoxina
botox ij,onabotulinumtoxina
botox im,onabotulinumtoxina
onabotulinumtoxina,onabotulinumtoxina
zofran,ondansetron
ondansetron,ondansetron
ondansetron hcl,ondansetron
ondansetron hcl ij,ondansetron
orlistat,orlistat
orphenadrine citrate,orphenadrine
orphenadrine citrate er,orphenadrine
oseltamivir phosphate,oseltamivir
tamiflu,oseltamivir
osimertinib mesylate,osimertinib
tagrisso,osimertinib
ospemifene,ospemifene
osteo bi-flex adv triple st,osteo bi-flex adv triple st
osteo bi-flex joint shield,osteo bi-flex joint shield
osteo bi-flex triple strength,osteo bi-flex triple strength
oxazepam,oxazepam
oxcarbazepine,oxcarbazepine
trileptal,oxcarbazepine
oxybutynin chloride,oxybutynin
oxybutynin chloride er,oxybutynin
oxycodone,oxycodone
oxycodone er,oxycodone
oxycodone hcl,oxycodone
oxycodone hcl er,oxycodone
oxycontin,oxycodone
roxicodone,oxycodone
xtampza er,oxycodone
oxycodone-acetaminophen,"oxycodone,acetaminophen"
oxymetazoline hcl,oxymetazoline
paclitaxel,paclitaxel
taxol iv,paclitaxel
ibrance,palbociclib
palbociclib,palbociclib
invega sustenna,paliperidone
paliperidone,paliperidone
paliperidone er,paliperidone
paliperidone palmitate,paliperidone
zenpep,pancrease
amylase-lipase-protease,pancrease
creon,pancrease
digestive enzyme,pancrease
digestive enzymes,pancrease
pancrelipase,pancrease
pancrelipase (lip-prot-amyl),pancrease
pantoprazole sodium,pantoprazole
protonix,pantoprazole
paricalcitol,paricalcitol
paroxetine hcl,paroxetine
paroxetine hcl er,paroxetine
paroxetine mesylate,paroxetine
paxil,paroxetine
patiromer sorbitex calcium,patiromer sorbitex calcium
pegaptanib sodium,pegaptanib
pembrolizumab,pembrolizumab
pembrolizumab iv,pembrolizumab
pemetrexed disodium,pemetrexed
alimta iv,pemetrexed
penicillin vtassium,penicillin
penicillin v potassium,penicillin
pentafluoroprop-tetrafluoroeth,pentafluoroprop-tetrafluoroeth
pentosan polysulfate sodium,pentosan polysulfate
pentosanlysulfate sodium,pentosan polysulfate
pentoxifylline,pentoxifylline
pentoxifylline er,pentoxifylline
fycompa,perampanel
perampanel,perampanel
periguard,periguard
periguard ex oint,periguard ex oint
perphenazine,perphenazine
petrolatum,petrolatum
petrolatum-zinc oxide,petrolatum-zinc oxide
phenazopyridine hcl,phenazopyridine
phenelzine sulfate,phenelzine
phenobarbital,phenobarbital
pb-hyoscy-atropine-scopolamine,"phenobarbital,hyoscyamine,atropine,scopolamine"
phentermine hcl,phentermine
sudafed pe sinus/allergy,"phenylephrine,chlorphenaramine"
phenylephrine hcl,phenylephrine
phenylephrine-apap-guaifenesin,"phenylephrine,acetaminophen,guaifenesin"
phenylephrine-dm-gg-apap,"phenylephrine,dextromethorphan,acetaminophen"
phenylephrine-pheniramine-dm,"phenylephrine,pheniramine,dextromethorphan"
phenytoin,phenytoin
phenytoin sodium,phenytoin
phos flur mt,phos flur mt
phosphorus supplement,phosphorus
pilocarpine hcl,pilocarpine
nuplazid,pimavanserin
pimavanserin tartrate,pimavanserin
pimecrolimus,pimecrolimus
pimozide,pimozide
pindolol,pindolol
pioglitazone hcl,pioglitazone
piperacillin-tazobactam,"piperacillin,tazobactam"
esbriet,pirfenidone
pirfenidone,pirfenidone
piroxicam,piroxicam
livalo,pitavastatin
pitavastatin calcium,pitavastatin
polyethylene glycol-propyl glycol,polyethylene glycol
peg,polyethylene glycol
polyethylene glycol,polyethylene glycol
miralax,polyethylene glycol
peg 3350-kcl-na bicarb-nacl,polyethylene glycol
peg 3350-kcl-nabcb-nacl-nasulf,polyethylene glycol
polyethylene glycol 3350,polyethylene glycol
glycolax,polyethylene glycol
polymyxin b-trimethoprim,"polymyxin b,trimethoprim"
polyvinyl alcohol,polyvinyl alcohol
polyvinyl alcohol-povidone,"polyvinyl alcohol,povidone"
portia-28,portia-28
potassium,potassium
micro-k,potassium
klor-con,potassium chloride
klor-con m10,potassium chloride
klor-con m20,potassium chloride
potassium chloride,potassium chloride
potassium chloride crys er,potassium chloride
potassium chloride er,potassium chloride
potassium citrate,potassium citrate
potassium citrate er,potassium citrate
k phos mono-sod phos di & mono,"potassium phosphate,sodium phosphate"
potassium & sodium phosphate,"potassium phosphate,sodium phosphate"
powders,powders
pramipexole dihydrochloride,pramipexole
mirapex,pramipexole
pramipexole dihydrochloride er,pramipexole
pramlintide acetate,pramlintide
pramoxine hcl,pramoxine
prasugrel hcl,prasugrel
pravastatin sodium,pravastatin
pravachol,pravastatin
prazosin hcl,prazosin
minipress,prazosin
millipred,prednisolone
prednisolone,prednisolone
prednisolone acetate,prednisolone
prednisone,prednisone
pregabalin,pregabalin
lyrica,pregabalin
pretz na soln,pretz na soln
prevacid,prevacid
prevident,prevident
prevident dt,prevident
previfem,previfem
primidone,primidone
proamatine,midodrine
probenecid,probenecid
acidophilus,probiotic
acidophilus caps,probiotic
acidophilus lactobacillus,probiotic
acidophilus lactobacillus caps,probiotic
acidophilus probiotic,probiotic
acidophilus probiotic blend,probiotic
acidophilus/bifidus,probiotic
align,probiotic
align caps,probiotic
align prebiotic-probiotic,probiotic
bacillus coagulans-inulin,probiotic
bifidobacterium lactis,probiotic
bismuth subsalicylate,probiotic
culturelle,probiotic
culturelle caps,probiotic
culturelle immunity support caps,probiotic
diphenoxylate-atropine,probiotic
florajen acidophilus,probiotic
florajen3,probiotic
floranex,probiotic
gerber gentle probiotic liqd,probiotic
lactinex chew,probiotic
lactobacillus,probiotic
lactobacillus rhamnosus (gg),probiotic
phillips colon health caps,probiotic
probiotic,probiotic
probiotic acidophilus,probiotic
probiotic advanced caps,probiotic
probiotic caps,probiotic
probiotic childrens chew,probiotic
probiotic daily,probiotic
probiotic formula,probiotic
probiotic mature adult,probiotic
probiotic product,probiotic
probiotic-prebiotic,probiotic
saccharomyces boulardii,probiotic
ultimate probiotic formula caps,probiotic
visbiome probiotic hight,probiotic
lactobacillus acidophilus,probiotic
lactobacillus acidophiluswd,probiotic
procarbazine hcl,procarbazine
prochlorperazine,prochlorperazine
compazine,prochlorperazine
prochlorperazine maleate,prochlorperazine
progesterone micronizedwd,progesterone
progesterone im,progesterone
progesterone micronized,progesterone
progesterone,progesterone
prolastin-c,prolastin-c
promethazine hcl,promethazine
promethazine-codeine,"promethazine,codeine"
phenylephrine-dm-gg,"promethazine,dextromethorphan"
promethazine-dm,"promethazine,dextromethorphan"
promod,promod
propafenone hcl,propafenone
propafenone hcl er,propafenone
propantheline bromide,propantheline
inderal,propranolol
propranolol hcl,propranolol
propranolol hcl er,propranolol
propranolol hcl er beads,propranolol
propranolol hcl sr beads,propranolol
propylene glycol,propylene glycol
propylthiouracil,propylthiouracil
prosource liqd,prosource
prosource no carb liqd,prosource
liquacel liqd,protein supplement
pro-stat awc liqd,protein supplement
pro-stat liqd,protein supplement
prosource,protein supplement
protein,protein supplement
pseudoephedrine hcl,pseudoephedrine
pseudoephedrine hcl er,pseudoephedrine
pseudoeph-doxylamine-dm-apap,"pseudoephedrine,dextromethorphan,acetaminophen"
pseudoephedrine-dm-gg,"pseudoephedrine,dextromethorphan,guaifenesin"
pseudoephedrine-apap-dm,"pseudoephedrine,doxylamine,dextromethorphan,acetaminophen"
pseudoephedrine-guaifenesin,"pseudoephedrine,guaifenesin"
pseudoephedrine-guaifenesin er,"pseudoephedrine,guaifenesin"
pseudoephedrine-ibuprofen,"pseudoephedrine,ibuprofen"
eq fiberwder,psyllium
fiber,psyllium
fiber complete,psyllium
fiber-caps,psyllium
fiberchoice,psyllium
fiberwd,psyllium
konsyl,psyllium
konsyl fiber,psyllium
metamucil,psyllium
metamucil fiber,psyllium
metamucil wafr,psyllium
psyllium,psyllium
psyllium husk,psyllium
pyridium,pyridium
pyridostigmine bromide,pyridostigmine
mestinon,pyridostigmine
pyridoxine hcl,pyridoxine
pyrithione zinc,pyrithione zinc
quetiapine fumarate,quetiapine
quetiapine fumarate er,quetiapine
seroquel,quetiapine
quinapril hcl,quinapril
quinine sulfate,quinine
rabeprazole sodium,rabeprazole
raloxifene hcl,raloxifene
ramelteon,ramelteon
ramipril,ramipril
zantac,ranitidine
ranitidine hcl,ranitidine
ranexa,ranolazine
ranolazine,ranolazine
ranolazine er,ranolazine
rasagiline mesylate,rasagiline
repaglinide,repaglinide
resveratrol,resveratrol
revefenacin,revefenacin
riboflavin,riboflavin
ricola,ricola
rifaximin,rifaximin
riluzole,riluzole
risedronate sodium,risedronate
risperdal consta,risperidone
risperidone,risperidone
risperidone microspheres,risperidone
risperidone microspheres er,risperidone
risperdal,risperidone
rituxan iv,rituximab
rituximab,rituximab
rivaroxaban,rivaroxaban
xarelto,rivaroxaban
rivastigmine,rivastigmine
rivastigmine tartrate,rivastigmine
rizatriptan benzoate,rizatriptan
daliresp,roflumilast
roflumilast,roflumilast
rolaids,rolaids
requip,ropinirole
ropinirole hcl,ropinirole
ropinirole hcl er,ropinirole
crestor,rosuvastatin
rosuvastatin calcium,rosuvastatin
rufinamide,rufinamide
entresto,"sacubitril,valsartan"
sacubitril-valsartan,"sacubitril,valsartan"
salicylic acid,salicylic acid
saline,saline
ra saline enema,saline enema
ra saline enema re,saline enema
saline nasal spray,saline nasal spray
saline nasal spray na,saline nasal spray
salmeterol xinafoate,salmeterol
serevent diskus,salmeterol
advair diskus,"salmeterol,fluticasone"
advair hfa,"salmeterol,fluticasone"
airduo respiclick,"salmeterol,fluticasone"
salonpas ex,salonpas ex
salonpas pain relief patch ex,salonpas pain relief patch ex
santyl,santyl
kevzara sc,sarilumab
sarilumab,sarilumab
sarna sensitive,sarna sensitive
sarsaparilla root,sarsaparilla root
scopolamine,scopolamine
scopolamine base,scopolamine
secukinumab,secukinumab
Selenium,Selenium
selenium,selenium
selenium sulfide,selenium sulfide
selinexor,selinexor
ozempic,semaglutide
semaglutide,semaglutide
cvs senna,senna
ex-lax maximum strength,senna
senna,senna
senna lax,senna
senna-grx,senna
senna leaf,senna
sennosides,senna
senokot,senna
senna-docusate sodium,"senna,docusate "
sennosides-docusate sodium,"senna,docusate "
sertraline hcl,sertraline
zoloft,sertraline
sevelamer carbonate,sevelamer
sevelamer hcl,sevelamer
renvela,sevelamer
sf,sf
revatio,sildenafil
sildenafil citrate,sildenafil
viagra,sildenafil
silver sulfadiazine,silver sulfadiazine
silver sulfadiazine,silver sulfadiazine
gas-x,simethicone
gas-x extra strength,simethicone
simethicone,simethicone
gas-x ultra strength,simethicone
mylicon,simethicone
simvastatin,simvastatin
zocor,simvastatin
sinus rinse kit na,sinus rinse kit na
siponimod fumarate,siponimod fumarate
sirolimus,sirolimus
januvia,sitagliptin
sitagliptin phosphate,sitagliptin
janumet,"sitagliptin,metformin"
sitagliptin-metformin hcl,"sitagliptin,metformin"
"skin protectants,misc.","skin protectants,misc."
sm clearlaxwd,sm clearlaxwd
sm fiber,sm fiber
sod chloride-yerba santa-gly,sod chloride-yerba santa-gly
sodium bicarbonate,sodium bicarbonate
sodium chloride,sodium chloride
sodium chloride flush,sodium chloride
sodium chloride-sodium bicarb,"sodium chloride,sodium bicarbonate"
sod citrate-citric acid,"sodium citrate,citric acid"
sodium fluoride,sodium fluoride
sodium phosphates,sodium phosphate
sodium polystyrene sulfonate,sodium polystyrene sulfonate
sodium sulfacetamide wash,sodium sulfacetamide wash
lokelma,sodium zirconium cyclosilicate
sodium zirconium cyclosilicate,sodium zirconium cyclosilicate
epclusa,"sofosbuvir,velpatasvir"
sofosbuvir-velpatasvir,"sofosbuvir,velpatasvir"
solifenacin succinate,solifenacin
vesicare,solifenacin
sorbitol,sorbitol
sotalol hcl,sotalol
mayzent,siponimod
aldactone,spironolactone
spironolactone,spironolactone
spironolactone-hctz,"spironolactone,hydrochlorothiazide"
stannous fluoride,stannous fluoride
stelara,ustekinumab
stool softener,stool softener
carafate,sucralfate
sucralfate,sucralfate
sucroferric oxyhydroxide,sucroferric oxyhydroxide
velphoro,sucroferric oxyhydroxide
sulfacetamide in bakuchiol,sulfacetamide in bakuchiol
sulfacetamide-sulfur in urea,sulfacetamide-sulfur in urea
sulfamethoxazole-trimethoprim,"sulfamethoxazole,trimethoprim"
sulfasalazine,sulfasalazine
sulindac,sulindac
imitrex,sumatriptan
sumatriptan,sumatriptan
sumatriptan succinate,sumatriptan
zembrace symtouch,sumatriptan
belsomra,suvorexant
suvorexant,suvorexant
tacrolimus,tacrolimus
cialis,tadalafil
tadalafil,tadalafil
tadalafil (pah),tadalafil
adcirca,tadalafil
tafamidis meglumine (cardiac),tafamidis meglumine
vyndaqel,tafamidis meglumine
zioptan,tafluprost
tafluprost,tafluprost
talc,talc
taltz sc,taltz sc
tamoxifen citrate,tamoxifen
flomax,tamsulosin
tamsulosin hcl,tamsulosin
tapentadol hcl,tapentadol
taurine,taurine
telmisartan-hctz,"telmisartan,hydrochlorothiazide"
temazepam,temazepam
temozolomide,temozolomide
tenofovir disoproxil fumarate,tenofovir
terazosin hcl,terazosin
lamisil,terbinafine
terbinafine hcl,terbinafine
teriflunomide,teriflunomide
forteo,teriparatide
teriparatide,teriparatide
teriparatide (recombinant),teriparatide
tessalon,tessalon
tessalon perles,tessalon perles
androgel,testosterone
androgel pump,testosterone
testopel,testosterone
testosterone,testosterone
testosterone cypionate,testosterone
testosterone enanthate,testosterone
tetrabenazine,tetrabenazine
tetrahydrozoline hcl,tetrahydrozoline
tetrahydrozoline-zn sulfate,tetrahydrozoline
visine op,tetrahydrozoline
theodur,theophylline
theophylline er,theophylline
theophylline,theophylline
theraflu cold & cough,theraflu cold & cough
thiamine,thiamine
thiamine hcl,thiamine
thioridazine hcl,thioridazine
romiplostim,thrombopoietin
brilinta,ticagrelor
ticagrelor,ticagrelor
timolol maleate,timolol
timolol maleate op,timolol
timolol hemihydrate,timolol
betimol,timolol
timoptic,timolol
spiriva,tiotropium
spiriva handihaler,tiotropium bromide
spiriva handihaler in,tiotropium bromide
spiriva respimat,tiotropium bromide
spiriva respimat in,tiotropium bromide
tiotropium bromide monohydrate,tiotropium bromide
stiolto respimat,"tiotropium bromide,olodaterol"
tiotropium bromide-olodaterol,"tiotropium bromide,olodaterol"
stiolto respimat in,"tiotropium bromide,olodaterol"
tizanidine hcl,tizanidine
zanaflex,tizanidine
tobramycin,tobramycin
tobramycin-dexamethasone,"tobramycin,dexamethasone"
actemra,tocilizumab
tocilizumab,tocilizumab
tofacitinib citrate,tofacitinib
xeljanz,tofacitinib
tolcapone,tolcapone
tolnaftate,tolnaftate
tolterodine tartrate,tolterodine
tolterodine tartrate er,tolterodine
topamax,topiramate
topiramate,topiramate
trokendi xr,topiramate
torsemide,torsemide
demadex,torsemide
toviaz,fesoterodine
tramadol hcl,tramadol
tramadol hcl er,tramadol
ultram,tramadol
tramadol-acetaminophen,"tramadol,acetaminophen"
trandolapril-verapamil hcl,"trandolapril,verapamil"
trandolapril-verapamil hcl er,"trandolapril,verapamil"
tranexamic acid,tranexamic acid
travatan z,travoprost
travoprost,travoprost
travatan,travoprost
trazodone hcl,trazodone
trazodone hcl er,trazodone
desyrel,trazodone
tremfya,guselkumab
orenitram,treprostinil
treprostinil diolamine,treprostinil
tretinoin,tretinoin
tri-lo-marzia,tri-lo-marzia
tri-lo-sprintec,tri-lo-sprintec
tri-previfem,tri-previfem
tri-sprintec,tri-sprintec
kenalog,triamcinolone
triamcinolone acetonide,triamcinolone acetonide
triamterene,triamterene
triamterene-hctz,"triamterene,hydrochlorothiazide"
triazolam,triazolam
trifluoperazine hcl,trifluoperazine
lonsurf,"trifluridine,tipiracil"
trifluridine-tipiracil,"trifluridine,tipiracil"
trihexyphenidyl hcl,trihexyphenidyl
trimethobenzamide hcl,trimethobenzamide
"bactrim,septra","trimethoprim,sulfamethoxazole"
triple antibiotic,triple antibiotic
trolamine salicylate,trolamine salicylate
trospium chloride,trospium
trospium chloride er,trospium
tryptophan,tryptophan
tums,tums
tussin,tussin
tussin cough,tussin cough
incruse ellipta,umeclidinium
umeclidinium,umeclidinium
anoro ellipta,"umeclidinium,vilanterol"
anoro ellipta in,"umeclidinium,vilanterol"
umeclidinium-vilanterol,"umeclidinium,vilanterol"
rinvoq,upadacitinib
upadacitinib,upadacitinib
urea,urea
ursodiol,ursodiol
ustekinumab,ustekinumab
v-r evening primrose oil,v-r evening primrose oil
valacyclovir hcl,valacyclovir
valtrex,valacyclovir
valbenazine tosylate,valbenazine
ingrezza,valbeanzine
depakote,valproate
divalproex sodium,valproate
divalproex sodium er,valproate
valproate sodium,valproate
valproic acid,valproate
valsartan,valsartan
valsartan-hydrochlorothiazide,"valsartan,hydrochlorothiazide"
first-vancomycin,vancomycin
firvanq,vancomycin
vancomycin hcl,vancomycin
vancomycin,vancomycin
vardenafil hcl,vardenafil
chantix,varenicline
chantix continuing month pak,varenicline
varenicline tartrate,varenicline
veltassa,patiromer
venclexta,venetoclax
venetoclax,venetoclax
effexor,venlafaxine
effexor xr,venlafaxine
venlafaxine hcl,venlafaxine
venlafaxine hcl er,venlafaxine
effexor-xr,venlafaxine
verapamil hcl,verapamil
verapamil hcl er,verapamil
calan-sr,verapamil
vicks dayquil cold & flu,vicks dayquil cold & flu
vicks vaporub childrens ex,vicks vaporub childrens ex
vicks vaporub ex,vicks vaporub ex
breo ellipta,"vilanterol,fluticasone"
breo ellipta in,"vilanterol,fluticasone"
viibryd,vilazodone
vilazodone hcl,vilazodone
vilazodone,vilazodone
vismodegib,vismodegib
vitamin a,vitamin a
vitamin a palmitate,vitamin a
vitamin a & d ex oint,vitamin a & d ex oint
vitamin a op,vitamin a op
vitamin b,vitamin b
vitamin b1-b12,vitamin b
cvs b-1,vitamin b-1
b-1,vitamin b-1
vitamin b-1,vitamin b-1
b-12,vitamin b-12
b12,vitamin b-12
cvs b-12,vitamin b-12
cvs vitamin b-12,vitamin b-12
cvs vitamin b12,vitamin b-12
cyanocobalamin,vitamin b-12
cyanocobalamin er,vitamin b-12
cyanocobalamin ij,vitamin b-12
vitamin b12,vitamin b-12
vitamin deficiency system-b12,vitamin b-12
vitamin b-12,vitamin b-12
b2,vitamin b-2
vitamin b-2,vitamin b-2
vitamin b-3,vitamin b-3
cvs vitamin b-6,vitamin b-6
vitamin b-6,vitamin b-6
vitamin b6,vitamin b-6
vitamin b1,vitamin b1
cvs vitamin c,vitamin c
vitamin c,vitamin c
vitamin c adult gummies,vitamin c
vitamin c gummies,vitamin c
vitamin c-rose hips,vitamin c
calcitriol,vitamin d
aqueous vitamin d,vitamin d
d,vitamin d
d-2000,vitamin d
d-5000,vitamin d
kp vitamin d,vitamin d
vitamin d,vitamin d
vitamin d cholecalciferol),vitamin d
vitamin d hightency,vitamin d
vitamin d infant,vitamin d
vitamin d-1000,vitamin d
vitamin d,vitamin d
vitamin d,vitamin d
ergocalciferol,vitamin d-2
vitamin d2,vitamin d-2
cvs vitamin d3,vitamin d-3
d3,vitamin d-3
dialyvite vitamin d3,vitamin d-3
eql vitamin d3,vitamin d-3
vitamin d-3,vitamin d-3
vitamin d3,vitamin d-3
d3-1000,vitamin d-4
d3-50,vitamin d-5
vitamin e,vitamin e
vitamin e-1000,vitamin e
phytonadione,vitamin k
vitamin k,vitamin k
menaquinone-7,vitamin k-2
vitamin k2,vitamin k-2
rocaltrol,vitamine d-3
vitamins a & d,vitamins a & d
vitamins a & d ex oint,vitamins a & d ex oint
voriconazole,voriconazole
trintellix,vortioxetine
vortioxetine hbr,vortioxetine
coumadin,warfarin
jantoven,warfarin
warfarin sodium,warfarin
benefiber drink mix pack,wheat dextrin
benefiberwd,wheat dextrin
wheat dextrin,wheat dextrin
white petrolatum,white petrolatum
white petrolatum ex gel,white petrolatum
white petrolatum gel,white petrolatum
white petroleum jelly ex gel,white petrolatum
white petrolatum-mineral oil,white petrolatum-mineral oil
witch hazel-glycerin,witch hazel-glycerin
witch hazel-glycerin ex pads,witch hazel-glycerin ex pads
xalatan,latanoprost
xeroform oil emulsion gauze ex pads,xeroform oil emulsion gauze ex pads
xulane,xulane
zaleplon,zaleplon
zicam cold remedy,zinc
zinc,zinc
zinc gluconate,zinc
zinc sulfate,zinc
zinc-220,zinc
zinc oxide,zinc oxide
ziprasidone hcl,ziprasidone
zoledronic acid,zoledronic acid
zolmitriptan,zolmitriptan
zolpidem tartrate,zolpidem
zolpidem tartrate er,zolpidem
ambien,zolpidem
zonisamide,zonisamide